Concept,Definition,Key Characteristics,Typical Confirmation,Trading Rule,Common Mistake,Related Concepts
"Order Block (OB)","Institutional price zone of last opposing candle before a directional move","- Last candle before move
- Zone of heavy institutional order flow","OB in line with higher‑timeframe bias","Enter at OB after sweep","Mistaking any support/resistance as OB","Liquidity Sweep; Fair Value Gap"
"Fair Value Gap (FVG)","Price imbalance/inefficiency that seeks rebalancing","- Three‑candle gap
- No trading in gap area","FVG aligned with OB","Target retracement 62‑79%","Over‑trading gaps","Order Block; Liquidity Void"
"Liquidity Pool","Cluster of stop‑losses or large orders institutions target","- High‑volume nodes
- Often near prior swing highs/lows","Liquidity pool near OB or FVG","Place stop beyond pool","Ignoring pool placement","Order Block; Liquidity Sweep"
"Premium/Discount (PD) Array","Value‑based pricing zones (0‑30 % discount, 70‑100 % premium)","- Defines ideal entry zones","Entry within correct PD range","Use PD for risk sizing","Entering outside PD","Order Block; Fair Value Gap"
"Market Structure","Higher highs/lows, Break‑of‑Structure (BOS), Change‑of‑Character (CHoCH)","- Determines bias","Break of structure confirms bias","Align trades with new structure","Misreading structure","AMD Model; PO3 Model"
"Kill Zone","High‑probability trading windows (London, NY, Asian sessions)","- Specific time windows","Trade only in kill zone","Wait for kill zone","Trading outside window","Macro Times"
"Silver Bullet","20‑minute precision window for high‑probability trades","- Specific minutes in session","Align entry with silver‑bullet window","Tight timing","Mis‑timed entry","Kill Zone"
"AMD Model","Accumulation → Manipulation → Distribution phases","- Three phases","Identify phase before entry","Trade within the identified phase","Ignoring phase","PO3 Model; Judas Swing"
"PO3 Model","Consolidation → Manipulation → Trend cycle (repeats each session)","- Three phases","Look for consolidation break","Enter on trend continuation","Overlooking manipulation","AMD Model"
"Judas Swing","False move in the first 30‑60 min of a session to trap retail traders","- Early‑session reversal","Wait for second swing","Avoid early trade","Jumping in too early","PO3 Model"
"Breaker Block","Failed OB that changes polarity","- OB fails to hold","Watch for reversal after failure","Exit on failure","Treating as normal OB","Order Block"
"Mitigation Block","Partially filled OB that still matters","- Partial fill
- Still a zone of interest","Keep as support/resistance","Use for stop placement","Ignoring mitigation","Order Block"
"Propulsion Block","Last OB before an explosive move","- Highest OB before trend acceleration","Enter on break of block","Use for breakout entries","Missing propulsion block","Order Block"
"Rejection Block","OB with strong initial price rejection","- Sharp price rejection candle","Use as reversal signal","Enter after rejection","Misreading rejection","Order Block"
"Swing Failure Pattern (SFP)","Brief violation of a level that fails and reverses","- Small move into next zone then reverse","Look for SFP after OB/FVG","Trade reversal","Over‑confident SFP","Order Block; Fair Value Gap"
"Liquidity Sweep","False break to trigger stops before a reversal","- Sharp move then rapid reversal","Enter after sweep completion","Use sweep as entry trigger","Ignoring sweep","Liquidity Pool"
"Smart Money Concepts (SMC)","Trading with institutional flow rather than retail noise","- Focus on OB, FVG, sweeps, liquidity pools","Apply all SMC concepts together","Follow SMC methodology","Trading retail‑centric","All concepts above"
"Institutional Order Flow","Reading large‑order footprints via OBs, FVGs, sweeps","- Footprint data
- Volume spikes","Confirm with OB/FVG alignment","Enter on institutional signals","Misreading flow","Smart Money Concepts"
"Displacement","Strong impulsive move indicating institutional activity","- Sudden large price move","Use as trend‑confirmation signal","Enter on displacement","Missing displacement","Order Block"
"Liquidity Void","Area of no trading activity (large gaps)","- Large chart gaps","Treat as potential reversal area","Place stop beyond void","Ignoring void","Fair Value Gap"
"Volume Imbalance","Disproportionate buy/sell volume creating inefficiency","- Large buy or sell volume spikes","Look for imbalance with OB/FVG","Use imbalance as entry trigger","Ignoring imbalance","Fair Value Gap; Order Block"


Concept,Definition,Key Characteristics,Typical Confirmation,ICT Entry Technique,ICT Price Action Model,Common Mistake,Related Concepts,Chart Example
"ICT Order Block (OB)","Institutional price zone of the last opposing candle before a directional move","Last candle before move; heavy institutional order flow; 1‑2‑candle cluster","Alignment with higher‑timeframe bias; price retests block; BOS after retest","Pullback to OB after liquidity sweep → breakout of OB’s high/low","Foundation of the “Market Structure” model; used in OB‑pullback set‑ups","Treating any S/R line as an OB","Liquidity Sweep; Fair Value Gap; Breaker Block; Mitigation Block","EUR/USD 4‑h 2024‑06‑12 OB @ 1.0800, retest → BOS @ 1.0825"
"ICT Fair Value Gap (FVG)","Three‑candle price gap creating an inefficiency","3‑candle pattern; middle candle’s high < prev low (bull) or low > prev high (bear)","Gap aligns with an OB; price returns to fill gap before continuation","Enter at edge of gap after it’s filled (2nd candle low for bullish, high for bearish)","Core of the “Imbalance” model; combined with OB for high‑prob entries","Jumping in before any price interaction","Order Block; Liquidity Void; Volume Imbalance","GBP/JPY 1‑h 2024‑05‑20 bullish FVG 158.80‑159.20 filled 159.45 → up to 160.10"
"ICT Liquidity Void","Large area with little or no trading activity (often a gap)","Wide price gap; low volume; appears after sharp moves","Price typically reverses when reaching void; stop‑hunt may occur","Place stops beyond void; consider entering on opposite side after bounce","“Liquidity Void” in the ICT “Imbalance” framework","Trading inside the void expecting continuation","Fair Value Gap; Liquidity Sweep; Volume Imbalance","USD/JPY daily 2023‑11‑02 gap 149.00‑149.70 reversed at 149.70"
"ICT Liquidity Pool","Cluster of stop‑losses or large institutional orders that the market targets","Usually just above recent highs or below recent lows; high‑volume nodes; visible on volume‑profile","Price moves into pool → sharp sweep → reversal","Enter after sweep when price retests pool and shows reversal candle","Drives “Liquidity Sweep” patterns","Ignoring pool location or entering before sweep finishes","Liquidity Sweep; Order Block; Fair Value Gap","EUR/GBP 4‑h 2024‑04‑15 pool @ 0.8600, sweep down to 0.8570 → reversal up"
"ICT Breaker Block (BB)","An OB that fails to hold, flipping market polarity","Same visual as OB but price breaks through its high/low quickly; often retested","Retest of broken level with reversal candle (pin‑bar, engulfing)","Short after bullish BB fails; long after bearish BB fails; entry at retest of broken level","“Breaker” in the ICT “Market Structure” model – signals reversal","Treating BB as a normal OB and expecting continuation","Order Block; Rejection Block; SFP","AUD/USD daily 2023‑12‑08 bullish BB @ 0.6800 broken → retest → sell"
"ICT Mitigation Block","Partially filled OB that still acts as support/resistance","Partial fill; still a zone of interest; often after a stop‑hunt","Price respects block again after pullback; “mitigation” of earlier stop‑hunt","Enter on bounce off mitigation block with confirmation (bullish engulfing for long)","Part of the “Order Block Lifecycle”","Ignoring block after first fill","Order Block; Breaker Block; Liquidity Sweep","CAD/JPY 1‑h 2024‑03‑22 OB @ 87.10 partially filled → bounce @ 87.12"
"ICT Propulsion Block","Last OB before an explosive, high‑momentum move","Highest high (or lowest low) OB preceding strong breakout; large volume","Break of block’s high/low with strong momentum; continuation for several bars","Enter on break of propulsion block with tight stop below (long) / above (short)","“Launch pad” in the ICT “Displacement” model","Missing block or entering too late","Order Block; Displacement; Momentum Burst","GBP/USD 15‑min 2024‑07‑01 propulsion block @ 1.2720 → breakout to 1.2760"
"ICT Rejection Block","OB that shows immediate sharp price rejection on first touch","Strong candle with long opposite‑direction wick; volume spike","Pin‑bar or engulfing candle rejecting block; volume surge","Enter after rejection candle closes, targeting next structure level","“Micro‑reversal” within larger ICT structure","Assuming block will hold and continuing in original direction","Order Block; Breaker Block; SFP","NZD/USD 4‑h 2024‑05‑10 bullish rejection block @ 0.6100 → pin‑bar up → move to 0.6180"
"ICT Swing Failure Pattern (SFP)","Brief breach of swing high/low that fails and reverses","Small move into next zone, then close back below (bull) / above (bear)","Candle closing beyond swing high/low with reversal pattern; volume surge","Enter on reversal candle after SFP; use breached swing as stop","“Failure” pattern for quick reversals","Taking initial breach as breakout","Order Block; Breaker Block; Liquidity Sweep","USD/CAD 1‑h 2024‑06‑18 bullish SFP @ 1.3400 → reversed to 1.3365"
"ICT Liquidity Sweep","False breakout that triggers clustered stops before reversing","Sharp, rapid move into pool of liquidity, then immediate reversal; often a “stop‑hunt”","Large volume spike; wick into liquidity pool; reversal candle","Enter on reversal after sweep; stop placed beyond sweep’s high/low","“Stop‑hunt” element confirming institutional liquidity","Chasing the initial move before reversal","Liquidity Pool; Order Block; SFP","EUR/CHF 4‑h 2024‑04‑28 sweep down to 1.0500 (pool) → reversal up to 1.0535"
"ICT Market Structure","Series of swing points (HH/HL) + BOS/CHoCH that define direction","Identify swing highs/lows; BOS = break of prior swing; CHoCH = change of character","BOS confirmed on higher timeframe; price closes beyond swing point","Pullback after BOS → entry using OB/FVG for confluence","Core of all ICT analysis – the “backbone”","Mis‑labeling swing points; ignoring higher‑timeframe bias","PO3 Model; AMD Model; Order Block","GBP/JPY daily 2023‑09‑15 HH 156.00 HL 151.00 BOS 158.20"
"ICT Kill Zone","High‑probability time windows aligned with major market sessions","London Open 07:00‑09:00 GMT, NY Open 13:00‑15:00 GMT, Asian 00:00‑02:00 GMT","Volume spikes; larger candle bodies; frequent BOS","Trade only inside kill zones; combine with OB/FVG confluence","Time‑filter applied to every set‑up","Trading outside the zone","Silver Bullet; Macro Times; Session Analysis","EUR/USD 1‑h 2024‑07‑12 strong move at 07:30 GMT (London Open)"
"ICT Silver Bullet","20‑minute precision window (first 20 min of London/NY) for high‑prob setups","20‑min period; often contains BOS + liquidity sweep","BOS → sweep → retest **within** the 20‑min window","Enter on retest after sweep **inside** 20‑min window; stop just beyond sweep","Very tight timing – must be watching chart","Missing window or entering after it closes","Kill Zone; Session Open; BOS","AUD/JPY 5‑min 2024‑06‑20 BOS 76.50 00:05 GMT → sweep → retest 00:22 GMT"
"ICT Power of Three (PO3) Model","3‑phase cycle: Accumulation → Manipulation → Trend (or Distribution → Manipulation → Trend)","Accumulation range, manipulation (sharp stop‑hunt), trend continuation","Consolidation → breakout with volume surge","Enter at breakout of manipulation into trend; confirm with OB/FVG","Core cycle framework for ICT analysis","Skipping manipulation and entering too early","AMD Model; Market Structure; Liquidity Sweep","USD/CHF daily 2023‑08‑01 accumulation 0.910‑0.925 → breakout 0.945"
"ICT AMD Model","Institutional Accumulation → Manipulation → Distribution phases","Accumulation zone, manipulation swing, distribution swing; mirrored in swing points","Sharp move (manipulation) after range; followed by continuation or reversal","Enter during manipulation with OB/FVG confluence; exit in distribution","Provides timing context for entries/exits","Ignoring distribution phase → staying in losing trade","PO3 Model; Market Structure; Liquidity Sweep","EUR/GBP daily 2023‑11‑10 accumulation 0.850‑0.860 → manipulation 0.880 → distribution 0.845"
"ICT Accumulation Zone (A‑Zone)","Tight range where institutions build positions (usually preceding bullish move)","Small range, low volatility, low volume, frequent re‑tests","Break of zone with strong candle & volume increase","Buy on breakout; stop below zone","First phase of PO3/AMD","Entering inside zone without breakout confirmation","Distribution Zone; PO3; AMD","GBP/USD 4‑h 2024‑05‑30 A‑Zone 1.2600‑1.2650 → breakout 1.2750"
"ICT Distribution Zone (D‑Zone)","Tight range where institutions unload positions (usually preceding bearish move)","Small range, low volume, often after rally","Break below zone with strong bearish candle & volume","Short on breakdown; stop above zone","Final phase of PO3/AMD","Taking longs inside D‑Zone","Accumulation Zone; PO3; AMD","USD/JPY 4‑h 2024‑04‑22 D‑Zone 152.00‑151.70 → breakdown 151.30"
"ICT Displacement","Sudden, large‑scale move signalling strong institutional activity – start of new trend","Huge candle, high volume, breaks multiple swing points, minimal initial retracement","Follow‑up candles maintain direction; volume stays elevated","Enter on first pullback after displacement, using OB/FVG as S/R","“Launch” component of PO3/AMD cycle","Chasing the initial move without pullback","Propulsion Block; Momentum Burst; Market Structure","EUR/USD daily 2024‑03‑15 displacement 1.0600 → 1.0900 in 2 days"
"ICT Institutional Order Flow","Footprint of large institutional trades observable via OBs, volume spikes, and imbalance zones","High‑volume spikes; repeated OBs; order‑block formation","Confluence of OB, FVG, volume imbalance on multiple TFs","Enter when price respects an OB that aligns with order‑flow evidence","Underlying layer for all ICT models – confirmation tier","Relying on price patterns alone without flow confirmation","Volume Imbalance; Smart Money Concepts; ICT Order Block","EUR/USD 1‑h 2024‑07‑05 volume spike 1.0820 coinciding with OB"
"ICT Volume Imbalance","Disproportionate buying or selling volume creating a micro‑inefficiency","Large delta on cumulative‑delta, volume‑histogram spikes; often aligns with FVG","Imbalance aligns with OB/FVG and a price reversal","Enter on reversal after imbalance is absorbed","Micro‑structure element for fine‑tuned entries","Assuming every imbalance leads to reversal","Fair Value Gap; Order Block; Liquidity Void","GBP/USD 5‑min 2024‑06‑14 sell imbalance 1.2750 → reversal 1.2740"
"ICT Multiple‑Timeframe Alignment (MTA)","Confirming a set‑up across two or more time‑frames","Same confluence (OB, FVG, BOS) visible on higher & lower TFs","Higher‑TF bias matches lower‑TF entry","Enter on lower‑TF pullback after higher‑TF confirmation","Time‑filter applied to any ICT model","Ignoring higher‑TF bias; entering on lower‑TF only","Market Structure; PO3; Smart Money Concepts","AUD/USD daily + 4‑h OB 0.6600 (daily) → pullback 4‑h 0.6585"
"ICT Pullback Entry","Entry on a pullback to a key institutional zone after a breakout","Retrace 30‑70% of move; respects zone; then resumes direction","Reversal candle at zone + volume pick‑up","Place entry just above (long) / below (short) zone after confirmation","Refinement of OB/FVG models","Entering before confirmation or on wrong side of zone","Order Block; Fair Value Gap; MTA","USD/CHF 15‑min 2024‑06‑28 pullback to OB 0.9100 after breakout"
"ICT Breakout Entry","Entry taken **as soon as** a key level (OB, FVG, A‑Zone) is broken","Immediate entry; usually high momentum; large candle","Large candle, volume surge, break of BOS","Enter on candle close beyond zone; stop just inside zone","Used for “propulsion” or “displacement” entries","False breakout; insufficient volume confirmation","Propulsion Block; Displacement; Liquidity Sweep","GBP/JPY 5‑min 2024‑07‑03 breakout above OB 156.20 → entry 156.25"
"ICT Stop Hunt","Deliberate move that hunts retail stops before resuming original direction (a subtype of liquidity sweep)","Sharp move into stop pool, long wick, reversal","Volume spike, wick into stop zone, reversal candle","Enter on reversal after stop‑hunt; stop beyond wick","Stop‑hunt element confirming institutional liquidity","Chasing initial move; not respecting reversal","Liquidity Sweep; Liquidity Pool; SFP","EUR/USD 1‑h 2024‑06‑10 stop‑hunt down 1.0750 → reversal up"
"ICT Smart Money Concepts (SMC)","Over‑arching methodology that trades with institutional order flow (OB, FVG, liquidity pools, market structure)","Emphasis on institutional zones, kill‑zone timing, multi‑TF confluence","Multiple SMC elements aligning (e.g., OB + FVG + BOS + kill zone)","Follow the specific entry technique tied to the confluence (pullback, breakout, sweep, etc.)","Integrates all ICT models into a cohesive system","Trying to apply SMC without proper confluence → low‑prob trades","All ICT concepts listed above","Composite example – EUR/USD daily OB 1.0800 + FVG filled → BOS 1.0830 during London kill zone → long"